{"cameraMode":{"drawMode":0,"name":"Shaded","section":"Shading Mode"},"sceneLighting":true,"audioPlay":false,"sceneViewState":{"showFog":true,"showMaterialUpdate":false,"showSkybox":true,"showFlares":true,"showImageEffects":true,"showParticleSystems":true},"in2DMode":false,"pivot":{"x":-9.252838134765625,"y":-10.932699203491211,"z":25.109786987304689},"rotation":{"x":0.20662376284599305,"y":-0.19372592866420747,"z":0.041777145117521289,"w":0.9581405520439148},"size":23.316036224365236,"orthographic":false}