{"cameraMode":{"drawMode":0,"name":"Shaded","section":"Shading Mode"},"sceneLighting":true,"audioPlay":false,"sceneViewState":{"showFog":true,"showMaterialUpdate":false,"showSkybox":true,"showFlares":true,"showImageEffects":true,"showParticleSystems":true},"in2DMode":false,"pivot":{"x":1.4184973239898682,"y":-0.00015974044799804688,"z":13.47491455078125},"rotation":{"x":-0.05876389518380165,"y":0.020060982555150987,"z":-0.0011812292505055667,"w":-0.9980700016021729},"size":13.367762565612793,"orthographic":false}