{"cameraMode":{"drawMode":0,"name":"Shaded","section":"Shading Mode"},"sceneLighting":true,"audioPlay":false,"sceneViewState":{"showFog":true,"showMaterialUpdate":false,"showSkybox":true,"showFlares":true,"showImageEffects":true,"showParticleSystems":true},"in2DMode":false,"pivot":{"x":0.30664920806884768,"y":-0.4118232727050781,"z":-0.4157400131225586},"rotation":{"x":-0.08853118866682053,"y":0.8729678988456726,"z":-0.17270059883594514,"w":-0.4475081264972687},"size":5.707395553588867,"orthographic":false}